,Slopes,Intercepts,St_Dev
likes_est,0.09175390758873542,1.5397865279354013,0.33261455904490034
comments_est,0.16270608791411426,2.3372866175564537,0.43988656395706316
dislikes_est,0.02526620387473108,3.4102418832106145,0.32692369246887376
ld_ratio,-0.06648770371400427,1.8704553552752123,0.31375430261527715
